,mean_loss,R_2,Spearman
0,0.16324538886547088,0.15573788061738014,0.29092276096343994
