,mean_loss,R_2,Spearman
0,0.555119177699089,-0.715211930591613,0.25192212164402006
