,mean_loss,R_2,Spearman
0,0.15911628007888795,0.19798303991556168,0.2900959588587284
