,mean_loss,R_2,Spearman
0,0.41994193494319915,-0.05476221535354853,
