,mean_loss,R_2,Spearman
0,0.14827232509851457,0.24277473911643027,0.3505045145750046
