,mean_loss,R_2,Spearman
0,0.014552981592714787,0.3721718043088913,0.49991975724697113
