,mean_loss,R_2,Spearman
0,0.16675412356853486,0.14637890458106995,0.28260004669427874
