,mean_loss,R_2,Spearman
0,0.436434668302536,-0.19633598071523012,0.28949513882398603
