,mean_loss,R_2,Spearman
0,0.41947266459465027,-0.27490792637690903,
