,mean_loss,R_2,Spearman
0,,-30706.51469889879,0.04865011628717184
