,mean_loss,R_2,Spearman
0,,-2107.4174441821874,-0.14815726801753043
