,mean_loss,R_2,Spearman
0,0.012537592742592096,0.35749228298664093,0.4909105360507965
